timestamp,plant.theta,plant.x
0.0,0.10012386548062817,0.0003863274414912724
0.005,0.09983982186712971,0.00029532527095106544
0.01,0.0959414514537095,-0.00022271832413434375
0.015,0.09363959370457803,-0.0005982299060403881
0.02,0.09070211351134527,-0.0007622222493067656
0.025,0.079047426601296,-0.002067820747447683
0.03,0.0750681858473209,-0.002622771358371184
0.035,0.0679757408570304,-0.0035655525117737896
0.04,0.051378549751062035,-0.0050219360659050985
0.045,0.04325044475335707,-0.0051753635265337425
0.05,0.03708358841830552,-0.007919921138058714
0.055,0.02466267099187949,-0.00842669091657869
0.06,0.015721382069326197,-0.009994491964045008
0.065,0.004463539654878315,-0.0102474708291326
0.07,-0.003959395836647351,-0.013192489222573812
0.075,-0.019303912022477516,-0.012365233658237267
0.08,-0.027505473181789156,-0.014225725552320982
0.085,-0.036085750650745686,-0.015199626438740328
0.09,-0.047379086342815985,-0.016000543072356013
0.095,-0.05058062226235893,-0.017367492216573417
0.1,-0.058725647896160534,-0.01838134699864269
0.105,-0.06385904812167201,-0.018032558548095327
0.11,-0.07273489189613931,-0.019547432842798935
0.115,-0.0736585629178767,-0.020407075728460084
0.12,-0.07244702789754036,-0.020319829654789266
0.125,-0.07248582425818273,-0.019275930979058133
0.13,-0.07300375529954103,-0.021120866690510474
0.135,-0.07894658793770083,-0.020094323122210038
0.14,-0.07450473447872225,-0.021097854451170652
0.145,-0.07143895979909232,-0.019706677974459512
0.15,-0.06886980203246341,-0.019671753644204832
0.155,-0.06705352905104787,-0.019434735834182093
0.16,-0.059202709319809074,-0.019583023210123614
0.165,-0.05797100142801697,-0.0178850027951064
0.17,-0.05407196932650251,-0.01713453435807613
0.175,-0.04455372702114619,-0.017177142727001077
0.18,-0.03787880679518156,-0.016468975482060954
0.185,-0.028262906633872573,-0.01631866177534279
0.19,-0.025086375230023786,-0.015002711832977215
0.195,-0.01610691622689641,-0.01362918029081705
0.2,-0.010565437256467552,-0.012636715819211455
0.205,-0.0018871694674885843,-0.012743252714822573
0.21,0.0043946776968134815,-0.011769368804582642
0.215,0.010013777920005844,-0.011326122070861894
0.22,0.018294969821828502,-0.009731742677535444
0.225,0.019204401712274218,-0.00907666068943435
0.23,0.02508935261544509,-0.00910129437546697
0.235,0.03120826138945484,-0.008054661941793568
0.24,0.0367163893626391,-0.007959143393287472
0.245,0.037039053605894885,-0.007667114862229905
0.25,0.04057837911767322,-0.007338379362653925
0.255,0.040109278412648705,-0.0067207504820996885
0.26,0.041266473496286586,-0.00654571790099355
0.265,0.04294003870171253,-0.006621419726205185
0.27,0.04245583052545976,-0.005695550873558264
0.275,0.04564541305948236,-0.006024177336345835
0.28,0.04203026621883567,-0.006797236522406486
0.285,0.04163605069424389,-0.007065030614384141
0.29,0.03756664589758733,-0.006646863159736283
0.295,0.03414199391213301,-0.007463150422306507
0.3,0.032168682766872646,-0.007996750317448051
0.305,0.03358618155997239,-0.008006386378935927
0.31,0.0267538246054999,-0.008450274759800754
0.315,0.024402639849115594,-0.008779846281331754
0.32,0.01994662698083918,-0.00908923200747311
0.325,0.01636919080733389,-0.010143330457029838
0.33,0.011902407912055586,-0.010528346234093645
0.335,0.0019423874002159518,-0.011751896877123942
0.34,4.044340995090897e-5,-0.011326637503598868
0.345,-0.0010604858941594374,-0.011414325431888564
0.35,-0.0030070593710814063,-0.011719279346966812
0.355,-0.007763211969873576,-0.011792001120944586
0.36,-0.01282057103624437,-0.013009813433115644
0.365,-0.015753047309888458,-0.013408178656297733
0.37,-0.01741451797259384,-0.013439089255643537
0.375,-0.018787538017794588,-0.015337831346470578
0.38,-0.021601649396419995,-0.01408029998917123
0.385,-0.02549486741142661,-0.01322012895025668
0.39,-0.024369394470206,-0.01422833483939351
0.395,-0.024165106370027098,-0.014769695077450577
0.4,-0.024458841371722804,-0.014005192649957301
0.405,-0.024062161697378216,-0.014371932698459615
0.41,-0.02365139659126468,-0.014555126357412834
0.415,-0.02664596038201621,-0.0139999444015719
0.42,-0.021853308692072002,-0.014799101134440211
0.425,-0.023193900288022276,-0.01344412724758556
0.43,-0.022845669175059098,-0.013439291042028607
0.435,-0.016803568397656187,-0.013459439322588994
0.44,-0.01883451669747194,-0.01320685344013563
0.445,-0.019088047882681678,-0.012765524813646095
0.45,-0.01272015294110417,-0.012856014214356969
0.455,-0.010185090438087347,-0.012654202838684268
0.46,-0.010345962705756133,-0.012876862416647473
0.465,-0.00740180589900179,-0.01288777473567454
0.47,-0.0020531732800984246,-0.011525042387765033
0.475,-0.0001121204197076309,-0.011727323538447092
0.48,0.0011599185735644386,-0.01177290452495971
0.485,0.004843740466246713,-0.010689297042095642
0.49,0.006481751483973954,-0.011402647494906699
0.495,0.005871949223717507,-0.01026650796997458
0.5,0.00786310886647566,-0.010576816259761188
0.505,0.009284013981311194,-0.010683323390389068
0.51,0.009332488656032834,-0.01005392126254395
0.515,0.013472524524440975,-0.008909139462978008
0.52,0.014540538518101335,-0.010227925295489741
0.525,0.014583614909076142,-0.010199045723302538
0.53,0.015439850437855545,-0.009724111656394873
0.535,0.016743244657116813,-0.009248691677755024
0.54,0.017001048448222363,-0.009928111124348247
0.545,0.014655573947752522,-0.009711339788496517
0.55,0.01437685104205557,-0.009272588053360531
0.555,0.016302478929687152,-0.009507353192515623
0.56,0.01684352305689606,-0.009461172834928483
0.565,0.010470530372966911,-0.009753657011009534
0.57,0.01382757888006398,-0.00944102503805875
0.575,0.010792389494365132,-0.009120278674470446
0.58,0.010780216080483927,-0.011114999997551646
0.585,0.007217079820453918,-0.009776649606662495
0.59,0.0061248277183006085,-0.010408929496154058
0.595,0.0029747196230492504,-0.010657498812106958
0.6,0.003051983029026422,-0.010425066183577003
0.605,-0.0002510587715459831,-0.01076431828883475
0.61,-0.0011150573455490022,-0.011269988416374497
0.615,0.0020177133017659577,-0.011669954527104585
0.62,0.0001963198433236658,-0.010951645013480508
0.625,-0.001623827213205472,-0.011159070755825166
0.63,-0.00441057859482619,-0.011629349879113819
0.635,-0.006797928703690401,-0.011765816299280505
0.64,-0.005912885967352728,-0.01189142058349084
0.645,-0.00938182867339989,-0.01096776040952106
0.65,-0.0074939576153192885,-0.011956217980968301
0.655,-0.004570468375756314,-0.012858232391400779
0.66,-0.007492614353393505,-0.012734576608112544
0.665,-0.013452573730292187,-0.01258871661037308
0.67,-0.014041497393901413,-0.012205038462776114
0.675,-0.006870102724313272,-0.012707392676063056
0.68,-0.010197003155668252,-0.01185795652602133
0.685,-0.011877153610696179,-0.012665420464672549
0.69,-0.011417295003447358,-0.011864607502194683
0.695,-0.0046976993970180925,-0.010899001381689363
0.7,-0.00355281074775104,-0.011612325376240133
0.705,-0.011036533840704165,-0.01198984712249707
0.71,-0.0041757187165073605,-0.011741318461345775
0.715,-0.0023346830907652835,-0.013327100659995886
0.72,-0.0030083463328123548,-0.011019748685057269
0.725,-0.004943588795955732,-0.011139927561423771
0.73,-0.004629318140818626,-0.011392416146290963
0.735,-0.004538680170369951,-0.011667234855216656
0.74,-0.0033213651029614837,-0.011034994932275999
0.745,5.780013762523607e-6,-0.011154016389597992
0.75,0.0027562900068786355,-0.010921493810901385
0.755,0.0004540860464072575,-0.010981100655736332
0.76,-0.0017501962457601057,-0.011534979088131985
0.765,0.0005126590458388422,-0.010622627199812992
0.77,0.0007899505249298079,-0.011211045263717445
0.775,0.006420253438567288,-0.01096876192878794
0.78,0.0046377896438598715,-0.010366716168831924
0.785,0.000709222387590234,-0.009932892019475031
0.79,0.0014327621253645375,-0.010469936785511048
0.795,0.004108023308222294,-0.010173477338728294
0.8,0.0064624058063490275,-0.010193722869459566
0.805,0.004771973730066371,-0.010343544397299686
0.81,0.006405048271519904,-0.009859983711985912
0.815,0.00466212087786236,-0.010088655472086787
0.82,0.00875397040585702,-0.010474050187826286
0.825,0.0017239327067989406,-0.009561410210259212
0.83,0.0051974682100450606,-0.010079862911430057
0.835,0.006633842035030826,-0.010243686683870977
0.84,0.005437139350867169,-0.010329950726549415
0.845,0.004353095470032369,-0.0103456631451175
0.85,0.0037319100551623454,-0.010363759743435792
0.855,0.002840695226957272,-0.01073813555306722
0.86,0.007442422079465919,-0.010788863999052115
0.865,0.002934834163298046,-0.01092837186047725
0.87,0.004721724371713594,-0.010038087363359573
0.875,0.001589031460041637,-0.010128812949163854
0.88,0.0008457089393524218,-0.01097420129220498
0.885,0.0010178379142465857,-0.011172553663427754
0.89,0.0042777445832686955,-0.01023674696886567
0.895,0.00015904647282234089,-0.011363399726616631
0.9,-0.00455812371876149,-0.0110856221658372
0.905,-0.00253060924087594,-0.011758214242190323
0.91,0.0008268571999896998,-0.010086812716411053
0.915,-0.0024047607098395835,-0.011213116447316145
0.92,-0.004598775970117404,-0.009723514521614348
0.925,-0.0025459731569519887,-0.011194514945596055
0.93,-0.006063043134569842,-0.011221867727217671
0.935,-0.0034950259152506254,-0.011538687924970165
0.94,-0.00787634542174597,-0.011067609567807925
0.945,-0.009122784185346513,-0.010015998462391063
0.95,-0.00637038591705092,-0.011270734947773252
0.955,-0.006961702342643396,-0.010812595459489713
0.96,-0.0005033356398692567,-0.010774360370811113
0.965,-0.004034759741879977,-0.010590845145162673
0.97,-0.00400903918263611,-0.011699048976225193
0.975,-0.0003828924493445812,-0.010616155447272917
0.98,-0.0014899620693061147,-0.010642540922683677
0.985,-0.0025261625723677966,-0.01175535856886912
0.99,-0.0026763549398526407,-0.010568139174647622
0.995,-0.0035668971018367303,-0.010750724308680577
1.0,-8.132441321180312e-5,-0.010362124292252533
1.005,-0.0037308702519839422,-0.010093742212838906
1.01,-0.0013119676580022718,-0.010693261915402293
1.015,-0.001511393228689532,-0.010360079179006885
1.02,0.0029613469570343985,-0.00963940693701317
1.025,-0.004002212075361629,-0.010669849916726799
1.03,0.0030675493244663975,-0.010667711607162587
1.035,0.002536906594309412,-0.009549528687312186
1.04,-9.960168579498964e-5,-0.00921737107209808
1.045,0.0034978508048942075,-0.011236708827826831
1.05,0.00268939873645768,-0.010404456674761682
1.055,0.0006979924911272275,-0.009802705920423491
1.06,-0.0011794372804385129,-0.010770492609470732
1.065,-0.0011279924889967096,-0.010566952427769019
1.07,0.00045016761718186856,-0.0095824940839009
1.075,0.0012262658705164652,-0.009575248025661297
1.08,0.000300346061587551,-0.009862192338556116
1.085,0.0018419785577162453,-0.01015195643953124
1.09,0.0010695323819638327,-0.010094463732295608
1.095,0.0045932238759466195,-0.010505692430364153
1.1,0.003136992136096131,-0.01076685958300454
1.105,0.002161675188826787,-0.010907817661836738
1.11,0.0030610776263718604,-0.009866960173421457
1.115,0.003964867576925705,-0.009573202720678303
1.12,-0.0007034163487842587,-0.010429301829514792
1.125,0.005198213968585095,-0.010492776297000194
1.13,0.0037320866246342635,-0.009796657924267888
1.135,8.963541023729944e-5,-0.009714424775763487
1.14,0.002991979688730848,-0.010144364650295307
1.145,-0.0006771635403651841,-0.010608580517040033
1.15,0.002726400551588604,-0.010301432179779692
1.155,0.0020623154887387694,-0.010438297032938651
1.16,-0.0021230187880136096,-0.010097397429101726
1.165,-0.0010170747340077465,-0.010226716190444926
1.17,0.0011500719355012315,-0.011084919281831853
1.175,-0.0017772998181288127,-0.00995912548895224
1.18,-8.847838113020228e-5,-0.010376774540441534
1.185,0.0017214705910328417,-0.010751126407041088
1.19,0.0007604580751580157,-0.010089476455565795
1.195,-9.799569937642626e-5,-0.010603672715932511
1.2,-0.004484620572126416,-0.009929150476956977
1.205,-0.0013186540578053667,-0.01016099555713993
1.21,0.0006134798075446645,-0.009494447961220676
1.215,-0.004499027537197934,-0.009715240241307791
1.22,5.414618379023708e-5,-0.010862549533765732
1.225,0.0009572153082616241,-0.009661650358073298
1.23,-0.003125611332826376,-0.009706582472364533
1.235,-0.005211356382843246,-0.010631983468120568
1.24,0.00012678416436378822,-0.010013678062243871
1.245,-0.00044168388190003727,-0.010906345913727094
1.25,-0.001750652168453005,-0.009506741909750253
1.255,-0.0034299942009292576,-0.009869382362570917
1.26,-0.0014453354395754792,-0.010536441479107485
1.265,0.0004968680050471749,-0.010798490870635702
1.27,0.001402348762198778,-0.009431543701052971
1.275,-0.0023860022668747245,-0.009449302824052121
1.28,0.0008472007983154324,-0.010964646902847826
1.285,0.0037655816992841614,-0.008896841369032146
1.29,-0.002236378742060759,-0.009800646340783665
1.295,-0.00034126658434077554,-0.01007815372445535
1.3,0.0016283385277043494,-0.009564925358419409
1.305,0.0023641487120353542,-0.00957173842438473
1.31,-0.00042990168064344536,-0.009771258563416546
1.315,0.002554876984860366,-0.0108975018046652
1.32,0.001197731600330703,-0.009931361097516432
1.325,-0.0017778203433150806,-0.010856083996800315
1.33,0.0027698879642235647,-0.009929151123179075
1.335,0.0011389865655442222,-0.01025243602308948
1.34,0.002721356043775488,-0.010569018232959809
1.345,0.0021143516906056664,-0.009883795239276093
1.35,0.0052335094249414005,-0.010020123588288006
1.355,-0.00042155706451960865,-0.00953376947612555
1.36,-0.0002420687222028778,-0.010527015724206399
1.365,0.001564516311204358,-0.01030448110557656
1.37,-0.0023779065797588563,-0.010024764964389936
1.375,-0.0018094066743263785,-0.010094264761479031
1.38,0.002279693522870792,-0.009274969933899422
1.385,0.0006304254506500771,-0.010165725519655767
1.39,-0.002505094498750083,-0.009543443807320707
1.395,0.0009658595762472709,-0.009235988612533472
1.4,0.0016678088246290604,-0.009618307603349903
1.405,0.004371475278350746,-0.00947489234634067
1.41,0.001541383092099851,-0.00948502264309226
1.415,0.0014520583491970018,-0.009608508884686838
1.42,-0.0017259046837751527,-0.010703725664876975
1.425,-0.004513602259111623,-0.009694956482751023
1.43,0.0013775234902330853,-0.00918635294775345
1.435,-0.0010081346216333803,-0.010949620816431423
1.44,-0.002119935895491811,-0.010484165562041828
1.445,-0.004115257703592148,-0.009683678701123185
1.45,0.0007255356759435091,-0.009793775339541464
1.455,-0.0005050275935464085,-0.010126325719739643
1.46,0.001380224729591748,-0.01039308124942146
1.465,0.0006432008513598825,-0.009598218632364864
1.47,0.0026036664225177527,-0.009501275583523002
1.475,-0.002262806714387262,-0.009605725550963125
1.48,0.004527000287685092,-0.010074332804687636
1.485,0.00044513182109135336,-0.009608087843707539
1.49,0.0029707256705605303,-0.009974643818046221
1.495,-0.0004996750918605455,-0.009587284437554904
1.5,0.0008029032973582555,-0.009285791177715063
1.505,-0.0009989365551782204,-0.010294026767464576
1.51,-0.0007532582160852945,-0.009358603454301367
1.515,-0.0031544548545301174,-0.010319860684572642
1.52,0.0041040560574896,-0.009875133231768245
1.525,-0.0030221952887413226,-0.009446294620392048
1.53,-0.00284224015306831,-0.009621738428961458
1.535,-0.000768535119698548,-0.00944515711278629
1.54,0.002275552274146599,-0.00960897414884961
1.545,0.0012216347524775188,-0.009846482333922076
1.55,0.0010523875469123946,-0.010177230010578788
1.555,-0.0006025060515387378,-0.009049027723308917
1.56,0.002145022418217855,-0.010186360354387115
1.565,-6.146604002551557e-5,-0.008578400128243114
1.57,-4.424701105699256e-5,-0.009080714357023893
1.575,0.00142577221262266,-0.009018088780336334
1.58,-0.0009516346262948802,-0.009040367275258332
1.585,0.0028501910948212335,-0.009824756103326074
1.59,-0.0036138391700599286,-0.008723595709457575
1.595,-0.0026042493567549154,-0.009384865535999834
1.6,-0.00014969829873291032,-0.009960544882167532
1.605,0.002399518464812081,-0.009228975186900705
1.61,0.0031163994405789828,-0.009929160551422223
1.615,-0.003939955044988923,-0.009628256605721827
1.62,-0.0025241443750308066,-0.008635243501426729
1.625,0.0029909627481923937,-0.010529741336308683
1.63,0.0006143485090310887,-0.008541929492276923
1.635,0.0007990220146813836,-0.01039843315311407
1.64,0.0022352555304135826,-0.009167263890238633
1.645,0.0006725788721132661,-0.009828295342789922
1.65,-0.002654791624812245,-0.008956537506418165
1.655,-0.0022621750933813104,-0.009760927330222746
1.66,-0.00032542746714495774,-0.009182748052228126
1.665,-0.00023630257051961945,-0.008797116885622144
1.67,-0.0013309136126872683,-0.009399707675133451
1.675,-0.00033651086432194316,-0.008717195630546886
1.68,0.003028661515077076,-0.009519871944258485
1.685,0.000786808185822922,-0.009346854987264924
1.69,-0.0020080186990465796,-0.008971116408888754
1.695,-0.005253337382002496,-0.009520021817279584
1.7,-0.0010138527959750363,-0.009043723985983578
1.705,-0.00020306181381406994,-0.009786871858526669
1.71,0.0010374774856585225,-0.009824778145958732
1.715,-0.0014712153757922718,-0.009396684511441133
1.72,2.5987014572968578e-5,-0.008758344304624107
1.725,-0.0014727522428006948,-0.008803469978767768
1.73,-0.0018082347257440477,-0.00881220590902664
1.735,-0.00017673115799959782,-0.008810476733557091
1.74,-0.0006024274012612033,-0.009429971116623172
1.745,0.001035415215834324,-0.00923503975423688
1.75,-0.0016551182573152046,-0.009416350955157235
1.755,0.0005194987485442825,-0.009769259904998991
1.76,-0.0006781377673693161,-0.008891940913719615
1.765,-0.0019739963285638324,-0.009838545956270213
1.77,-0.002752548424694583,-0.008812646908633837
1.775,-0.0035783197400343185,-0.008545625435581685
1.78,0.0007256703399346083,-0.008810310706458426
1.785,0.000429191203858897,-0.009046024305906107
1.79,-0.0020167149346091828,-0.008936868947601302
1.795,-0.002959037255986301,-0.009914329180209661
1.8,-0.0012554865882669567,-0.009716031635607998
1.805,-0.0016064336822968484,-0.009114240536506802
1.81,-0.002826608777900683,-0.00846614142255039
1.815,0.004712926914050502,-0.008097252538938681
1.82,-0.00034857516510202174,-0.009118944736906753
1.825,-0.0002099119901920453,-0.007586039578437956
1.83,0.0015567614650375656,-0.008754881247384484
1.835,0.0027525525389393564,-0.009179923966302664
1.84,0.0018768863660441623,-0.00861634119482548
1.845,-0.0021185518692499617,-0.009262380988583374
1.85,0.00021597166830709483,-0.008811869780038154
1.855,0.0010035246750284765,-0.009766756218086078
1.86,0.0016246714158468655,-0.009094637843567158
1.865,-0.00014474836598401953,-0.007528251658094203
1.87,-0.001385192744329636,-0.009888968094143484
1.875,0.004065196150209952,-0.008520064892454226
1.88,0.0007468844392531315,-0.008641203355519054
1.885,-0.0021178067900685864,-0.009882791843064568
1.89,-0.0003535018955391394,-0.009967047517293178
1.895,0.003196526757767168,-0.00840997810260782
1.9,0.0004451501316541971,-0.00914440806081208
1.905,-0.0007313142141729624,-0.008390220841513654
1.91,-0.0020703545356717374,-0.008996851173302838
1.915,-0.0004909276700377742,-0.010177751814847497
1.92,0.001347415782160386,-0.009215945013006772
1.925,0.001977333768338609,-0.009585288914595647
1.93,0.00456504369463338,-0.00912315931569216
1.935,0.002948783542592265,-0.008698606974930969
1.94,0.004137866991977774,-0.00887710429385048
1.945,0.0006256209740597137,-0.00840641416968073
1.95,-0.0018205119708715857,-0.009531680808517753
1.955,0.002474381860143029,-0.008248745698883043
1.96,0.002954522921199583,-0.008489574732649047
1.965,-0.0003927785943615635,-0.008440297476869698
1.97,0.002429126631552029,-0.00897174147199782
1.975,0.0023894282822267405,-0.008706842495961636
1.98,0.0007774365176715066,-0.008269651904444683
1.985,0.0008168809337043213,-0.00797702107846395
1.99,0.0005751686468766609,-0.008781120409585568
1.995,0.0002799357587671184,-0.008821992318821383
2.0,-0.00042246662353961136,-0.009835748883404966
2.005,0.0006987728696975825,-0.008255025355160968
2.01,0.0010747475151093105,-0.009169366098631502
2.015,0.00012320003758703143,-0.00863849803886842
2.02,-0.004167120316356933,-0.00900475972475771
2.025,-0.00043559764448864976,-0.007752091993420731
2.03,0.000804377986931273,-0.007860424735124258
2.035,0.004736828251028091,-0.007896247214109189
2.04,0.0006578092980680389,-0.008944147042320291
2.045,0.0004897454334549261,-0.008520323673149924
2.05,2.7344283828510873e-5,-0.009279666433493922
2.055,0.002309417902492154,-0.008444283843381388
2.06,0.00263675370232529,-0.008626905025474274
2.065,0.0017325303596651318,-0.008803831328725743
2.07,-0.0018744024392397293,-0.007713333440566331
2.075,-0.002815447953723903,-0.00846830835846549
2.08,0.002238873715134037,-0.008628661605615946
2.085,-0.0014077514758915207,-0.00814467662990657
2.09,0.002113201737926102,-0.008601096241645846
2.095,-0.0008714187339448747,-0.009252254197999835
2.1,-0.0019045283959437137,-0.008281968031792718
2.105,-0.00268891767618828,-0.009175988378510013
2.11,0.0039474604329829376,-0.009289351536495561
2.115,9.307026209195979e-5,-0.00820980925020572
2.12,0.0004968421420825873,-0.008743052838509064
2.125,0.002527756616993417,-0.008468024094670673
2.13,0.002835828639049914,-0.008402095393110705
2.135,-0.0012859609736795572,-0.008414487031781754
2.14,0.0027383004822888433,-0.008906268054993989
2.145,-0.001478716634631874,-0.008137012583112073
2.15,0.0008328232910710785,-0.008442186918147528
2.155,0.00029369671514800275,-0.008464319083179633
2.16,-0.002974139213388371,-0.008068249605469719
2.165,0.003254702866887286,-0.008655011285184228
2.17,0.0040590470616235115,-0.009249718450562838
2.175,0.0012748092384737386,-0.0072008728369569435
2.18,-0.0008697232281121528,-0.00801576571271467
2.185,0.001004609537826763,-0.008238469239027662
2.19,-0.0004063749859471299,-0.008354358713157274
2.195,-0.0017235424082743351,-0.009073050047099936
2.2,0.0004075806076945692,-0.008594383259034862
2.205,0.002181977410407394,-0.008393182812925807
2.21,0.003283223337487755,-0.0074253675805451376
2.215,0.0016415453953792052,-0.008226854443941964
2.22,-0.0008884008366255296,-0.00872852133832058
2.225,-0.0018462679725122564,-0.00858396873717775
2.23,-0.0004885063562240089,-0.007213680260915685
2.235,-0.0007636226346288252,-0.008534700401847114
2.24,-0.0014239939499859587,-0.008071136687727732
2.245,-0.0025128422606854944,-0.008450853995949168
2.25,0.003229206353003994,-0.00843209848693499
2.255,-0.0015485618526248828,-0.0078035286939844815
2.26,0.0012626952663479462,-0.008589277034553174
2.265,-0.001412745267002975,-0.008639675295064356
2.27,-0.0027522026172563862,-0.008585566821714689
2.275,-0.0010971516132522534,-0.008223401459281288
2.28,-0.004043098740676607,-0.009054371526569311
2.285,0.0007288381828390032,-0.008284644373043317
2.29,-0.0004758623634256545,-0.0084741877306893
2.295,-0.0020262543718242835,-0.008146361818578017
2.3,0.0006554444145817612,-0.008597851866744955
2.305,0.0009049045461969456,-0.008150992535201358
2.31,-0.002057910689324862,-0.008891918488998398
2.315,5.3516790711161336e-5,-0.008302994918119378
2.32,0.00031893536579118977,-0.008035069684118646
2.325,-0.00046899361932265166,-0.007703893313548066
2.33,-0.000497803685197018,-0.008288517796859313
2.335,0.0003838280017777405,-0.007566825376358329
2.34,0.001573975922432731,-0.008684912225687545
2.345,0.0015627989218683733,-0.009059514383516796
2.35,0.0010208450918700713,-0.00907790826154812
2.355,0.0012370088802353904,-0.008183388004465497
2.36,0.0011728500486336746,-0.007831325768486885
2.365,0.0040719601841775295,-0.008104429818944263
2.37,0.0008755488179238526,-0.008288848543723807
2.375,0.0003340767219906115,-0.007762198053746553
2.38,-0.0018434792998565208,-0.0075775491549244095
2.385,0.0011286401160401467,-0.007728055423902165
2.39,0.00043875682267202897,-0.0073290475551654275
2.395,0.0014085364175727333,-0.0073779428772147715
2.4,0.00281046296409139,-0.0076355608057216045
2.405,-0.0003389945857606864,-0.007954174743992098
2.41,0.002727588033355577,-0.008016827898581828
2.415,-0.002390651073248332,-0.007483431124210037
2.42,-0.0008993402893517909,-0.008268158079452994
2.425,-0.0016555735501862603,-0.00831793306880967
2.43,0.0014063047426251059,-0.007848459301931128
2.435,0.0004777418052279418,-0.008616337036538099
2.44,-0.0015311473674149382,-0.007762064094873126
2.445,-0.0010539021303458188,-0.008614670931838894
2.45,0.0004930837193727937,-0.00789815006340936
2.455,-0.0018806336348089437,-0.007826237973995525
2.46,0.00247306698453988,-0.008203900824155088
2.465,-0.00018233337503091126,-0.007021739450337665
2.47,-0.0035778491407931533,-0.008583678889153554
2.475,-0.0018127786718085633,-0.008019596199120646
2.48,8.54404592773195e-5,-0.008388212691653144
2.485,0.0025908872418516473,-0.007415956477099158
2.49,0.0018478939752820409,-0.0076864262133996735
2.495,-0.0012888276227832882,-0.007546083720442258
2.5,0.0013257432598735982,-0.008138820097166537
2.505,0.0011529741888559864,-0.008967259339310875
2.51,-0.0007214595756160228,-0.008478535356608476
2.515,0.0024274045104796345,-0.007824859272763976
2.52,0.0009202836211417292,-0.0076985517014333
2.525,-0.0004647193988056964,-0.008542607122897559
2.53,0.0032690303014932362,-0.00767184386439545
2.535,0.0014996838200710912,-0.008141294974945009
2.54,0.002048752322118531,-0.008633628812888048
2.545,-0.002033073999255875,-0.007885413242537982
2.55,-0.0009768567313736976,-0.008118531495413289
2.555,0.0020450060018170567,-0.007005737933185911
2.56,-0.0015182005603455212,-0.007551264257115908
2.565,0.002487133113434676,-0.008470492244332925
2.57,-0.0015605677506238778,-0.007244763165141628
2.575,-0.0002819267761997336,-0.008367093353593185
2.58,0.0008777313614123839,-0.007302986407286012
2.585,0.0005287762397132663,-0.008176195836874296
2.59,-0.0011224173301520792,-0.008718644853738584
2.595,-0.0010528873892537557,-0.008035571475238267
2.6,0.0013744389084236368,-0.008719541439181848
2.605,-0.001578094250622117,-0.006650990499222058
2.61,-0.00013804921709965014,-0.008432750134738374
2.615,-0.001021121582334682,-0.008240025956900347
2.62,-0.0023795481427481536,-0.007708367808082999
2.625,-0.0011814283149157564,-0.007764317914372511
2.63,-0.0014336616647257527,-0.007506632945090864
2.635,0.00018306208733312034,-0.007585826922915033
2.64,0.0019680048378447716,-0.008365513147769456
2.645,0.0014859754078273917,-0.007099128745185581
2.65,-0.0029968786757264758,-0.008566978056922636
2.655,0.0006558699653102006,-0.007739860564488117
2.66,0.0002443790771911499,-0.008419254264699562
2.665,-5.551964278511455e-5,-0.007128351628933618
2.67,-0.0023587836613509212,-0.008101115311296779
2.675,0.001604340674071276,-0.008262714888367634
2.68,-0.0015876654453402994,-0.007762853234373112
2.685,-0.004185250407531767,-0.007788134715405849
2.69,-0.002623897862567628,-0.007434751203690227
2.695,-0.00046551734156616764,-0.00815483691213847
2.7,0.0024274562281683563,-0.006520680126955754
2.705,0.0006396268338761974,-0.006903694943847953
2.71,-0.0001116128502966363,-0.008266146827270603
2.715,0.001226391320932248,-0.00803632280491281
2.72,0.0014108633025771396,-0.007596212956964252
2.725,0.002311468553138057,-0.00745708276077248
2.73,0.0005660442113456276,-0.007247081377662823
2.735,0.001809861520196839,-0.00738793335150962
2.74,0.00019669369621955668,-0.007615052341516915
2.745,-0.0004424028502913774,-0.0075457436093152325
2.75,-0.0002832158183597944,-0.007459077670741367
2.755,-0.0030299006763752443,-0.00637935351716388
2.76,-0.0038295405961109655,-0.0070361211422961785
2.765,0.005140010001034917,-0.008512743653948331
2.77,-0.0017323204312503242,-0.008163356403537688
2.775,0.0007942645535811042,-0.007792075131235916
2.78,-0.0012624622438552105,-0.007326793783246593
2.785,0.0006939940282211247,-0.0075690563736056996
2.79,-0.00023632255065289982,-0.007313302444567169
2.795,0.0032040014627940446,-0.006973565372156477
2.8,-0.001035317871582023,-0.007464575109777732
2.805,-0.0011362251494963574,-0.007217949777078709
2.81,-0.0014679250474745836,-0.007910406717394947
2.815,0.0018594753377733787,-0.0067310906811377195
2.82,0.00047189469501363344,-0.007279334904293601
2.825,-0.0006365025015656789,-0.008186414277759431
2.83,0.0012118996570577565,-0.007066555234650108
2.835,0.000636741226227173,-0.007940329279621532
2.84,-0.0004036438520621257,-0.008821980258244143
2.845,-0.003180956340308841,-0.007441539171715742
2.85,0.004787105136757649,-0.007569456206593305
2.855,0.000364321521352414,-0.006127743828477235
2.86,0.00039599123885593736,-0.007377245518989524
2.865,-0.0019244056155895486,-0.007314086619515521
2.87,-0.0007067671998072861,-0.006973241109553209
2.875,-0.0009603767220569799,-0.007259495573469007
2.88,0.0013175700812197706,-0.006595167362048716
2.885,0.0001481953091392956,-0.007857636447302203
2.89,-0.002509301398773206,-0.007576292175465866
2.895,-0.0011438901137874428,-0.007349984838227287
2.9,0.002212520945974959,-0.008133088430383769
2.905,-0.0035123170304896647,-0.007092825457901778
2.91,0.0006790624946579047,-0.007408410041235404
2.915,0.0005305518870857102,-0.007666252574438157
2.92,0.0009399653884759298,-0.007577541363160815
2.925,0.0008189832280050507,-0.007424440796433134
2.93,0.0005676289292777149,-0.007348027326718091
2.935,-0.0020891660439697223,-0.006583759510194511
2.94,-0.0005557095818628355,-0.0066606138450089475
2.945,-0.0014421214338447511,-0.007409925421297703
2.95,0.0018800220925437705,-0.007875378096889984
2.955,0.0020198443702294402,-0.007219594396494118
2.96,-0.0023511323457725314,-0.007436264228515662
2.965,-0.003682950061502608,-0.007231652192032001
2.97,-0.0008218177442243866,-0.0068345244124241025
2.975,0.0003153361450362882,-0.007462000849215477
2.98,0.001922342074762707,-0.007105922749359945
2.985,0.001444545478263854,-0.006887335539877335
2.99,0.0012475933478924065,-0.0070460505437418015
2.995,0.00020986900802815397,-0.007156159752826325
3.0,0.0019789945829686685,-0.007972187500817941
